,theta0,theta1
0,8499.59964993269,-0.021448963591697345
